driver_id,total_fare,average_distance
73,361.47,23.748333333333335
31,365.2,36.63249999999999
100,151.2,28.795
27,429.16999999999996,20.665000000000003
19,249.17999999999998,8.846666666666666
95,80.47999999999999,19.85
38,290.5,42.75
67,182.84,18.064999999999998
32,206.87,15.453333333333331
49,424.18000000000006,16.671999999999997
4,622.38,29.333750000000002
