driver_id,total_fare,average_distance
51,432.73,36.123333333333335
54,296.24,35.408
16,593.67,24.378333333333334
98,344.21999999999997,29.768
25,324.3,23.9525
82,443.38,30.31
79,69.34,41.74
24,290.14,28.070000000000004
10,491.35,15.644
