driver_id,total_fare,average_distance
15,178.59,26.176666666666666
100,202.69,35.693333333333335
77,401.11,30.982499999999998
68,175.42000000000002,8.17
53,347.03000000000003,21.432
58,210.03,24.8525
97,425.43,18.8025
32,265.16,18.659999999999997
36,255.39999999999998,21.39
39,245.64,26.16
21,96.42,38.585
76,667.7900000000001,30.028888888888886
