driver_id,total_fare,average_distance
54,245.7,32.3325
15,39.44,26.085
64,145.71,26.613333333333333
31,302.76,34.66
77,270.36,30.02333333333333
93,64.12,42.025
82,239.64999999999998,31.6775
33,384.44,23.23
20,203.18,26.143333333333334
65,67.22,38.114999999999995
4,492.34999999999997,29.195714285714285
