driver_id,total_fare,average_distance
54,82.36,44.945
69,79.53999999999999,31.04
71,100.53,6.05
98,271.94,32.29333333333334
46,147.19,31.29
89,295.98999999999995,31.846666666666664
23,160.55,16.549999999999997
55,162.51,31.095
95,43.01,32.96
1,171.51,8.545
63,241.06,10.8175
39,116.16,24.473333333333333
