driver_id,total_fare,average_distance
30,121.95,42.75
8,77.12,45.39
5,269.17,33.32666666666667
18,211.07,31.97666666666667
53,311.04,23.52
97,367.12,20.03333333333333
24,180.98000000000002,31.23
88,171.84,10.14
12,419.34,11.576
2,492.69,29.49333333333333
