driver_id,total_fare,average_distance
54,560.17,31.990000000000002
87,54.82,3.14
85,462.92999999999995,11.902000000000001
52,149.77,34.69
43,557.4200000000001,35.230000000000004
93,120.12,39.71
40,255.06,29.919999999999998
67,542.25,21.978333333333335
9,420.68,35.614
91,516.14,23.91333333333333
