driver_id,total_fare,average_distance
7,269.88,23.994
16,452.65,20.470000000000002
71,521.6099999999999,23.924
75,185.32999999999998,23.89
46,235.55,27.08
23,239.46,19.136666666666667
25,218.92000000000002,27.3
82,400.2,28.194999999999997
97,513.21,19.938
9,409.79,32.205
39,312.07,24.619999999999997
2,518.43,28.959999999999997
