driver_id,total_fare,average_distance
29,461.59999999999997,16.4625
43,198.31,32.305
70,34.68,44.06
25,79.7,28.34
92,172.23,17.04
97,287.14,19.279999999999998
49,392.08000000000004,16.697499999999998
4,387.03,26.984
94,102.68,25.44
76,322.48,29.116000000000003
2,348.58,30.3175
