driver_id,total_fare,average_distance
59,121.96000000000001,36.04
8,46.82,45.51
35,350.08,20.112000000000002
47,134.78,10.34
61,168.28,34.795
90,165.23,16.175
53,256.36,24.51
48,138.91,43.385
9,271.73,27.48
36,248.48,23.258000000000003
10,422.09000000000003,8.2775
13,449.68,34.51
