driver_id,total_fare,average_distance
15,288.23,20.9475
71,382.48999999999995,19.060000000000002
18,390.88,31.684000000000005
6,7.9,11.84
82,278.13,25.79
92,277.25,26.6175
67,211.38,22.863333333333333
12,488.46,14.005
94,215.47000000000003,31.206666666666667
74,330.4,15.556000000000001
