driver_id,total_fare,average_distance
8,207.96,38.583333333333336
99,153.05,27.965
75,197.64,28.543333333333333
44,240.17000000000002,23.99
58,220.51,24.444
84,223.07999999999998,30.584999999999997
83,428.38,26.454
66,276.55999999999995,23.41
50,138.31,45.42
