driver_id,total_fare,average_distance
11,150.82999999999998,37.055
34,82.03,7.51
43,51.37,43.11
26,11.45,40.49
23,67.89,16.88
86,83.52,1.88
83,112.26,11.67
13,315.07,32.339999999999996
76,240.26000000000002,28.05
