driver_id,total_fare,average_distance
15,22.95,16.49
98,319.52,34.205
43,312.36,32.983333333333334
18,199.59,25.68
27,294.94,21.72666666666667
17,141.98,5.025
58,184.48,29.55333333333333
20,148.83,18.45
80,132.9,33.77
