driver_id,total_fare,average_distance
29,138.67,15.12
34,194.98000000000002,8.979999999999999
85,27.34,16.86
16,281.03999999999996,20.355
96,78.82000000000001,13.645000000000001
27,209.19,23.035
41,92.8,16.44
93,57.53,49.69
82,12.19,24.25
53,211.06,15.235
56,141.05,16.56
10,197.11,13.145
13,377.74,36.51
