driver_id,total_fare,average_distance
22,150.14999999999998,29.18
85,120.62,9.75
35,217.80999999999997,19.916666666666668
60,10.53,27.59
19,101.27,19.72
38,145.19,37.144999999999996
25,63.61,40.11
37,123.44999999999999,21.650000000000002
83,179.57999999999998,25.465
91,363.04999999999995,30.386666666666667
74,206.79,14.83
