driver_id,total_fare,average_distance
64,46.13,35.17
59,82.79,39.92
22,185.71999999999997,21.51
16,384.79999999999995,23.3625
82,146.91,27.616666666666664
81,196.48000000000002,19.36
9,236.01,22.435000000000002
32,124.58,18.729999999999997
4,245.96,29.082500000000003
12,343.90999999999997,6.827500000000001
91,478.41999999999996,22.458
