driver_id,total_fare,average_distance
73,330.04,18.330000000000002
98,240.44,35.895
47,124.46,8.98
67,48.29,30.63
84,91.78,29.46
49,316.61,20.346666666666664
4,213.18,25.75666666666667
66,251.52999999999997,26.3
91,464.56999999999994,23.115
