driver_id,total_fare,average_distance
7,221.25,27.0825
3,130.66,6.055
99,59.64,8.03
75,121.88,4.5
38,234.03,41.25333333333333
92,237.83999999999997,25.213333333333335
58,158.19,20.22
36,206.63,24.44
62,42.97,39.44
83,301.46,26.580000000000002
