driver_id,total_fare,average_distance
87,194.82,5.800000000000001
16,721.68,22.931428571428572
71,619.9799999999999,25.735
5,288.70000000000005,28.0475
31,387.90999999999997,36.242
68,273.43,21.849999999999998
79,216.03,41.07333333333333
39,361.69,27.076666666666664
83,592.3100000000001,31.455000000000002
21,334.75,33.054
94,279.34000000000003,30.345000000000002
