driver_id,total_fare,average_distance
54,669.4599999999999,30.397777777777783
42,320.34,16.945
28,135.16,38.28
96,283.69,29.52
78,361.06,24.94
55,379.71000000000004,26.310000000000002
82,482.68,28.18875
24,464.77,28.468000000000007
9,480.77,33.50666666666667
13,584.3100000000001,28.93
72,188.55,19.650000000000002
