driver_id,total_fare,average_distance
54,129.98,34.42
73,341.0,23.040000000000003
71,305.78,19.63
96,217.18,26.62
27,419.52,20.440000000000005
41,240.98000000000002,10.5
20,195.48000000000002,27.35
63,298.96999999999997,11.606666666666667
74,233.29999999999998,18.5725
76,610.9000000000001,28.302500000000002
