driver_id,total_fare,average_distance
7,156.31,35.035
54,24.49,44.79
42,34.51,6.31
35,201.32999999999998,8.184999999999999
89,219.21999999999997,27.535
38,122.27,45.26
97,140.21,4.65
88,77.54,2.16
10,70.39,16.83
63,24.52,18.21
