driver_id,total_fare,average_distance
29,565.53,17.351999999999997
8,462.13,36.134
27,688.92,24.924
6,116.61,12.120000000000001
55,309.31,27.255000000000003
79,84.49000000000001,44.475
20,296.4,23.105
10,579.78,21.79714285714286
37,292.14,22.05666666666667
14,103.43,26.84
2,673.1999999999998,28.895999999999994
50,266.55,44.335
