driver_id,total_fare,average_distance
7,285.15999999999997,20.23
15,374.3,17.092000000000002
54,413.32,36.26428571428572
35,376.21,23.865
27,588.3199999999999,25.555555555555557
84,281.03999999999996,31.169999999999998
12,556.8,18.205714285714286
83,472.6,29.175
2,616.7699999999999,27.918888888888883
