driver_id,total_fare,average_distance
11,215.48999999999998,31.78333333333333
29,336.84,11.983333333333333
69,10.77,38.01
85,329.15,8.9
96,188.04000000000002,23.21666666666667
78,259.13,22.55666666666667
40,166.13,31.063333333333333
92,148.76,11.26
24,110.86,21.1
56,166.42000000000002,14.024999999999999
36,147.49,21.903333333333336
12,330.63,6.503333333333334
