driver_id,total_fare,average_distance
64,61.74,33.34
52,99.95,28.35
71,210.51999999999998,7.85
18,135.75,29.98
89,389.79999999999995,36.045
19,224.76999999999998,12.195
33,239.16,13.254999999999999
48,78.64,43.51
84,158.72,32.02333333333333
10,273.82,9.213333333333333
63,277.82,9.146
65,39.55,34.57
4,444.66999999999996,28.415000000000003
76,514.19,30.702857142857145
2,446.33,32.233999999999995
