driver_id,total_fare,average_distance
17,176.56,19.826666666666668
89,449.56999999999994,31.112000000000002
60,138.01,31.590000000000003
53,462.87,23.116666666666664
92,326.12,24.246000000000002
86,144.79,21.395
97,599.34,18.75
24,342.71999999999997,32.385000000000005
36,285.23999999999995,22.134285714285713
63,344.65999999999997,12.597142857142858
83,500.79,31.837142857142858
14,207.76,19.005
