driver_id,total_fare,average_distance
7,335.29999999999995,23.325714285714287
54,686.29,28.858000000000004
15,431.89,15.418333333333335
8,575.69,32.7
98,481.41999999999996,25.628333333333334
100,338.72,38.854
27,758.18,27.060909090909092
23,318.84999999999997,17.389999999999997
44,331.20000000000005,20.1225
86,210.44,23.343333333333334
72,295.35,18.493333333333336
2,796.8099999999998,27.607272727272722
